selected_threshold,tn,fp,fn,tp,precision,recall,f1,f2,accuracy
0.29,1918,83,25,373,0.8179824561403509,0.9371859296482412,0.8735362997658079,0.91064453125,0.9549812421842434
